path,name,msa_unpaired_num_seqs,msa_paired_num_seqs,iptms,ptms,best_model,iptm_best_model,ptm_best_model,num_seeds,num_protein_chains,num_proteins
/home/prichter/Documents/banfield/betazoid/data/genes/alphafold/af_output/bz_8_cluster_3_3mer-mg_atp,bz_8_cluster_3_3mer-mg_atp,12,12,"[0.35, 0.31, 0.28, 0.33, 0.35, 0.3, 0.28, 0.34, 0.29, 0.3]","[0.52, 0.46, 0.39, 0.47, 0.53, 0.47, 0.42, 0.49, 0.41, 0.47]",seed-2_sample-3,0.35,0.53,2,3,3
/home/prichter/Documents/banfield/betazoid/data/genes/alphafold/af_output/bz_9_cluster_3_4mer-mg_adp,bz_9_cluster_3_4mer-mg_adp,14,14,"[0.3, 0.3, 0.31, 0.3, 0.3, 0.28, 0.31, 0.31, 0.31, 0.28]","[0.35, 0.36, 0.37, 0.34, 0.36, 0.33, 0.36, 0.37, 0.37, 0.32]",seed-2_sample-0,0.31,0.37,2,4,4
/home/prichter/Documents/banfield/betazoid/data/genes/alphafold/af_output/bz_3_cluster_3_2mer-mg_adp,bz_3_cluster_3_2mer-mg_adp,6,6,"[0.6, 0.59, 0.63, 0.61, 0.58, 0.6, 0.61, 0.61, 0.64, 0.57]","[0.54, 0.55, 0.57, 0.55, 0.54, 0.56, 0.56, 0.56, 0.58, 0.54]",seed-1_sample-0,0.64,0.58,2,2,2
/home/prichter/Documents/banfield/betazoid/data/genes/alphafold/af_output/bz_4_cluster_3_3mer-mg_adp,bz_4_cluster_3_3mer-mg_adp,6,6,"[0.27, 0.26, 0.25, 0.25, 0.26, 0.27, 0.26, 0.25, 0.27, 0.26]","[0.4, 0.39, 0.39, 0.38, 0.4, 0.39, 0.4, 0.39, 0.4, 0.39]",seed-1_sample-0,0.27,0.4,2,3,3
/home/prichter/Documents/banfield/betazoid/data/genes/alphafold/af_output/bz_0_cluster_3_5mer-mg_adp,bz_0_cluster_3_5mer-mg_adp,6,6,"[0.56, 0.48, 0.4, 0.4, 0.54, 0.41, 0.39, 0.53, 0.41, 0.51]","[0.62, 0.56, 0.48, 0.47, 0.61, 0.49, 0.46, 0.6, 0.49, 0.59]",seed-2_sample-1,0.56,0.62,2,5,5
/home/prichter/Documents/banfield/betazoid/data/genes/alphafold/af_output/bz_1_cluster_3_4mer-mg_atp,bz_1_cluster_3_4mer-mg_atp,23,23,"[0.39, 0.32, 0.3, 0.33, 0.38, 0.32, 0.34, 0.34, 0.34, 0.37]","[0.47, 0.4, 0.43, 0.4, 0.47, 0.39, 0.41, 0.41, 0.42, 0.45]",seed-2_sample-1,0.39,0.47,2,4,4
/home/prichter/Documents/banfield/betazoid/data/genes/alphafold/af_output/bz_1_cluster_3_5mer-mg_adp,bz_1_cluster_3_5mer-mg_adp,23,23,"[0.29, 0.26, 0.28, 0.26, 0.26, 0.26, 0.26, 0.26, 0.28, 0.3]","[0.36, 0.32, 0.34, 0.31, 0.31, 0.33, 0.31, 0.31, 0.35, 0.36]",seed-2_sample-2,0.3,0.36,2,5,5
/home/prichter/Documents/banfield/betazoid/data/genes/alphafold/af_output/bz_4_cluster_3_7mer-mg_adp,bz_4_cluster_3_7mer-mg_adp,6,6,"[0.36, 0.35, 0.32, 0.31, 0.36, 0.3, 0.3, 0.35, 0.31, 0.37]","[0.44, 0.43, 0.4, 0.39, 0.44, 0.38, 0.39, 0.43, 0.39, 0.44]",seed-2_sample-2,0.37,0.44,2,7,7
/home/prichter/Documents/banfield/betazoid/data/genes/alphafold/af_output/bz_1_cluster_3_2mer-mg_atp,bz_1_cluster_3_2mer-mg_atp,23,23,"[0.43, 0.53, 0.43, 0.42, 0.43, 0.44, 0.44, 0.43, 0.42, 0.52]","[0.51, 0.63, 0.51, 0.5, 0.51, 0.52, 0.52, 0.51, 0.51, 0.61]",seed-2_sample-4,0.53,0.63,2,2,2
/home/prichter/Documents/banfield/betazoid/data/genes/alphafold/af_output/bz_2_cluster_3_2mer-mg_adp,bz_2_cluster_3_2mer-mg_adp,7,7,"[0.51, 0.54, 0.53, 0.44, 0.41, 0.51, 0.53, 0.49, 0.57, 0.53]","[0.62, 0.65, 0.64, 0.53, 0.5, 0.62, 0.64, 0.62, 0.68, 0.65]",seed-1_sample-0,0.57,0.68,2,2,2
/home/prichter/Documents/banfield/betazoid/data/genes/alphafold/af_output/bz_1_cluster_3_4mer-mg_adp,bz_1_cluster_3_4mer-mg_adp,23,23,"[0.28, 0.26, 0.27, 0.26, 0.28, 0.26, 0.27, 0.27, 0.27, 0.26]","[0.34, 0.34, 0.35, 0.33, 0.34, 0.33, 0.34, 0.34, 0.34, 0.34]",seed-2_sample-1,0.28,0.34,2,4,4
/home/prichter/Documents/banfield/betazoid/data/genes/alphafold/af_output/bz_7_cluster_3_2mer-mg_adp,bz_7_cluster_3_2mer-mg_adp,11,11,"[0.4, 0.4, 0.47, 0.39, 0.4, 0.39, 0.4, 0.39, 0.45, 0.4]","[0.51, 0.51, 0.59, 0.5, 0.5, 0.51, 0.5, 0.51, 0.6, 0.5]",seed-1_sample-1,0.47,0.59,2,2,2
/home/prichter/Documents/banfield/betazoid/data/genes/alphafold/af_output/bz_7_cluster_3_6mer-mg_adp,bz_7_cluster_3_6mer-mg_adp,11,11,"[0.43, 0.44, 0.47, 0.45, 0.42, 0.45, 0.44, 0.44, 0.46, 0.4]","[0.51, 0.51, 0.54, 0.52, 0.5, 0.53, 0.51, 0.51, 0.53, 0.48]",seed-1_sample-1,0.47,0.54,2,6,6
/home/prichter/Documents/banfield/betazoid/data/genes/alphafold/af_output/bz_4_cluster_3_1mer-mg_atp,bz_4_cluster_3_1mer-mg_atp,6,6,"[0.91, 0.93, 0.91, 0.92, 0.92, 0.92, 0.92, 0.92, 0.91, 0.91]","[0.91, 0.92, 0.9, 0.91, 0.91, 0.91, 0.91, 0.91, 0.9, 0.9]",seed-2_sample-4,0.93,0.92,2,1,1
/home/prichter/Documents/banfield/betazoid/data/genes/alphafold/af_output/bz_3_cluster_3_4mer-mg_adp,bz_3_cluster_3_4mer-mg_adp,6,6,"[0.33, 0.38, 0.38, 0.42, 0.32, 0.42, 0.39, 0.33, 0.39, 0.33]","[0.37, 0.44, 0.43, 0.48, 0.36, 0.47, 0.44, 0.38, 0.44, 0.38]",seed-1_sample-3,0.42,0.47,2,4,4
/home/prichter/Documents/banfield/betazoid/data/genes/alphafold/af_output/bz_10_cluster_3_1mer-mg_adp,bz_10_cluster_3_1mer-mg_adp,10,10,"[0.94, 0.94, 0.94, 0.94, 0.94, 0.94, 0.95, 0.94, 0.94, 0.94]","[0.89, 0.89, 0.89, 0.89, 0.9, 0.89, 0.91, 0.89, 0.89, 0.89]",seed-1_sample-2,0.95,0.91,2,1,1
/home/prichter/Documents/banfield/betazoid/data/genes/alphafold/af_output/bz_3_cluster_3_5mer-mg_atp,bz_3_cluster_3_5mer-mg_atp,6,6,"[0.8, 0.75, 0.8, 0.79, 0.77, 0.77, 0.75, 0.77, 0.71, 0.76]","[0.82, 0.78, 0.83, 0.82, 0.8, 0.8, 0.78, 0.8, 0.75, 0.79]",seed-1_sample-1,0.8,0.83,2,5,5
/home/prichter/Documents/banfield/betazoid/data/genes/alphafold/af_output/bz_4_cluster_3_8mer-mg_adp,bz_4_cluster_3_8mer-mg_adp,6,6,"[0.27, 0.22, 0.24, 0.25, 0.27, 0.28, 0.25, 0.25, 0.33, 0.32]","[0.35, 0.28, 0.32, 0.33, 0.35, 0.36, 0.32, 0.33, 0.4, 0.39]",seed-1_sample-0,0.33,0.4,2,8,8
/home/prichter/Documents/banfield/betazoid/data/genes/alphafold/af_output/bz_8_cluster_3_1mer-mg_atp,bz_8_cluster_3_1mer-mg_atp,12,12,"[0.93, 0.94, 0.94, 0.93, 0.94, 0.94, 0.94, 0.93, 0.94, 0.95]","[0.89, 0.89, 0.9, 0.9, 0.89, 0.9, 0.89, 0.89, 0.9, 0.91]",seed-2_sample-2,0.95,0.91,2,1,1
/home/prichter/Documents/banfield/betazoid/data/genes/alphafold/af_output/bz_4_cluster_3_2mer-mg_atp,bz_4_cluster_3_2mer-mg_atp,6,6,"[0.3, 0.31, 0.32, 0.3, 0.3, 0.26, 0.31, 0.32, 0.31, 0.3]","[0.53, 0.53, 0.51, 0.52, 0.5, 0.52, 0.53, 0.53, 0.51, 0.54]",seed-2_sample-0,0.32,0.53,2,2,2
/home/prichter/Documents/banfield/betazoid/data/genes/alphafold/af_output/bz_2_cluster_3_6mer-mg_atp,bz_2_cluster_3_6mer-mg_atp,7,7,"[0.77, 0.81, 0.8, 0.79, 0.81, 0.79, 0.81, 0.78, 0.81, 0.8]","[0.8, 0.83, 0.82, 0.81, 0.83, 0.82, 0.83, 0.81, 0.83, 0.82]",seed-1_sample-2,0.81,0.83,2,6,6
/home/prichter/Documents/banfield/betazoid/data/genes/alphafold/af_output/bz_10_cluster_3_8mer-mg_adp,bz_10_cluster_3_8mer-mg_adp,10,10,"[0.3, 0.3, 0.31, 0.31, 0.3, 0.29, 0.29, 0.3, 0.31, 0.3]","[0.37, 0.37, 0.38, 0.38, 0.37, 0.36, 0.36, 0.37, 0.38, 0.37]",seed-1_sample-4,0.31,0.38,2,8,8
/home/prichter/Documents/banfield/betazoid/data/genes/alphafold/af_output/bz_1_cluster_3_3mer-mg_atp,bz_1_cluster_3_3mer-mg_atp,23,23,"[0.31, 0.32, 0.31, 0.31, 0.31, 0.31, 0.31, 0.31, 0.31, 0.31]","[0.38, 0.4, 0.38, 0.39, 0.38, 0.39, 0.4, 0.39, 0.39, 0.4]",seed-2_sample-4,0.32,0.4,2,3,3
/home/prichter/Documents/banfield/betazoid/data/genes/alphafold/af_output/bz_2_cluster_3_4mer-mg_adp,bz_2_cluster_3_4mer-mg_adp,7,7,"[0.36, 0.36, 0.32, 0.36, 0.37, 0.35, 0.36, 0.38, 0.34, 0.36]","[0.45, 0.45, 0.44, 0.46, 0.46, 0.44, 0.45, 0.47, 0.45, 0.45]",seed-2_sample-4,0.36,0.45,2,4,4
/home/prichter/Documents/banfield/betazoid/data/genes/alphafold/af_output/bz_4_cluster_3_6mer-mg_atp,bz_4_cluster_3_6mer-mg_atp,6,6,"[0.5, 0.49, 0.81, 0.77, 0.52, 0.77, 0.8, 0.49, 0.76, 0.53]","[0.57, 0.56, 0.83, 0.8, 0.58, 0.8, 0.83, 0.56, 0.79, 0.59]",seed-1_sample-1,0.81,0.83,2,6,6
/home/prichter/Documents/banfield/betazoid/data/genes/alphafold/af_output/bz_7_cluster_3_3mer-mg_adp,bz_7_cluster_3_3mer-mg_adp,11,11,"[0.33, 0.3, 0.32, 0.3, 0.37, 0.3, 0.31, 0.32, 0.36, 0.3]","[0.42, 0.4, 0.41, 0.4, 0.49, 0.39, 0.41, 0.41, 0.48, 0.4]",seed-2_sample-3,0.37,0.49,2,3,3
/home/prichter/Documents/banfield/betazoid/data/genes/alphafold/af_output/bz_5_cluster_3_8mer-mg_atp,bz_5_cluster_3_8mer-mg_atp,11,11,"[0.25, 0.24, 0.25, 0.31, 0.33, 0.33, 0.29, 0.26, 0.25, 0.33]","[0.32, 0.31, 0.32, 0.38, 0.39, 0.4, 0.37, 0.33, 0.32, 0.4]",seed-1_sample-3,0.33,0.4,2,8,8
/home/prichter/Documents/banfield/betazoid/data/genes/alphafold/af_output/bz_10_cluster_3_1mer-mg_atp,bz_10_cluster_3_1mer-mg_atp,10,10,"[0.94, 0.94, 0.94, 0.94, 0.94, 0.94, 0.95, 0.94, 0.94, 0.94]","[0.89, 0.89, 0.89, 0.89, 0.89, 0.89, 0.91, 0.89, 0.89, 0.89]",seed-1_sample-2,0.95,0.91,2,1,1
/home/prichter/Documents/banfield/betazoid/data/genes/alphafold/af_output/bz_11_cluster_3_2mer-mg_atp,bz_11_cluster_3_2mer-mg_atp,11,11,"[0.38, 0.44, 0.38, 0.44, 0.38, 0.35, 0.39, 0.45, 0.32, 0.66]","[0.49, 0.56, 0.52, 0.48, 0.48, 0.48, 0.52, 0.55, 0.49, 0.75]",seed-2_sample-2,0.66,0.75,2,2,2
/home/prichter/Documents/banfield/betazoid/data/genes/alphafold/af_output/bz_10_cluster_3_8mer-mg_atp,bz_10_cluster_3_8mer-mg_atp,10,10,"[0.44, 0.44, 0.31, 0.44, 0.44, 0.44, 0.44, 0.44, 0.43, 0.45]","[0.5, 0.49, 0.38, 0.49, 0.5, 0.5, 0.5, 0.5, 0.49, 0.5]",seed-2_sample-2,0.45,0.5,2,8,8
/home/prichter/Documents/banfield/betazoid/data/genes/alphafold/af_output/bz_8_cluster_3_8mer-mg_atp,bz_8_cluster_3_8mer-mg_atp,12,12,"[0.31, 0.31, 0.29, 0.31, 0.31, 0.29, 0.29, 0.31, 0.3, 0.3]","[0.38, 0.38, 0.36, 0.38, 0.38, 0.36, 0.36, 0.38, 0.37, 0.38]",seed-1_sample-4,0.31,0.38,2,8,8
/home/prichter/Documents/banfield/betazoid/data/genes/alphafold/af_output/bz_11_cluster_3_1mer-mg_atp,bz_11_cluster_3_1mer-mg_atp,11,11,"[0.93, 0.94, 0.93, 0.94, 0.94, 0.94, 0.93, 0.93, 0.93, 0.94]","[0.86, 0.87, 0.87, 0.87, 0.87, 0.87, 0.86, 0.87, 0.87, 0.87]",seed-2_sample-4,0.94,0.87,2,1,1
/home/prichter/Documents/banfield/betazoid/data/genes/alphafold/af_output/bz_8_cluster_3_5mer-mg_atp,bz_8_cluster_3_5mer-mg_atp,12,12,"[0.51, 0.49, 0.56, 0.54, 0.52, 0.59, 0.52, 0.51, 0.62, 0.51]","[0.59, 0.57, 0.63, 0.61, 0.6, 0.66, 0.6, 0.59, 0.68, 0.59]",seed-1_sample-0,0.62,0.68,2,5,5
/home/prichter/Documents/banfield/betazoid/data/genes/alphafold/af_output/bz_5_cluster_3_6mer-mg_adp,bz_5_cluster_3_6mer-mg_adp,11,11,"[0.27, 0.27, 0.24, 0.25, 0.26, 0.25, 0.24, 0.24, 0.23, 0.24]","[0.35, 0.36, 0.3, 0.33, 0.35, 0.33, 0.35, 0.31, 0.3, 0.31]",seed-2_sample-4,0.27,0.36,2,6,6
/home/prichter/Documents/banfield/betazoid/data/genes/alphafold/af_output/bz_2_cluster_3_8mer-mg_atp,bz_2_cluster_3_8mer-mg_atp,7,7,"[0.49, 0.47, 0.45, 0.45, 0.48, 0.44, 0.43, 0.45, 0.46, 0.48]","[0.54, 0.52, 0.51, 0.51, 0.53, 0.49, 0.49, 0.51, 0.52, 0.54]",seed-2_sample-2,0.48,0.54,2,8,8
/home/prichter/Documents/banfield/betazoid/data/genes/alphafold/af_output/bz_9_cluster_3_8mer-mg_atp,bz_9_cluster_3_8mer-mg_atp,14,14,"[0.27, 0.3, 0.36, 0.36, 0.26, 0.35, 0.38, 0.3, 0.36, 0.31]","[0.33, 0.37, 0.42, 0.43, 0.33, 0.42, 0.44, 0.37, 0.43, 0.38]",seed-1_sample-2,0.38,0.44,2,8,8
/home/prichter/Documents/banfield/betazoid/data/genes/alphafold/af_output/bz_9_cluster_3_3mer-mg_adp,bz_9_cluster_3_3mer-mg_adp,14,14,"[0.33, 0.29, 0.44, 0.41, 0.33, 0.42, 0.43, 0.33, 0.41, 0.34]","[0.38, 0.37, 0.51, 0.47, 0.39, 0.48, 0.5, 0.38, 0.47, 0.4]",seed-1_sample-1,0.44,0.51,2,3,3
/home/prichter/Documents/banfield/betazoid/data/genes/alphafold/af_output/bz_0_cluster_3_2mer-mg_adp,bz_0_cluster_3_2mer-mg_adp,6,6,"[0.53, 0.54, 0.58, 0.55, 0.55, 0.58, 0.54, 0.52, 0.56, 0.5]","[0.62, 0.63, 0.67, 0.64, 0.64, 0.68, 0.63, 0.62, 0.64, 0.58]",seed-1_sample-1,0.58,0.67,2,2,2
/home/prichter/Documents/banfield/betazoid/data/genes/alphafold/af_output/bz_11_cluster_3_6mer-mg_atp,bz_11_cluster_3_6mer-mg_atp,11,11,"[0.53, 0.62, 0.54, 0.55, 0.65, 0.59, 0.62, 0.53, 0.52, 0.54]","[0.59, 0.67, 0.6, 0.61, 0.7, 0.64, 0.66, 0.59, 0.58, 0.6]",seed-2_sample-3,0.65,0.7,2,6,6
/home/prichter/Documents/banfield/betazoid/data/genes/alphafold/af_output/bz_7_cluster_3_5mer-mg_adp,bz_7_cluster_3_5mer-mg_adp,11,11,"[0.37, 0.42, 0.4, 0.37, 0.41, 0.45, 0.38, 0.38, 0.46, 0.37]","[0.47, 0.52, 0.49, 0.47, 0.51, 0.53, 0.48, 0.48, 0.55, 0.47]",seed-1_sample-0,0.46,0.55,2,5,5
/home/prichter/Documents/banfield/betazoid/data/genes/alphafold/af_output/bz_11_cluster_3_5mer-mg_atp,bz_11_cluster_3_5mer-mg_atp,11,11,"[0.4, 0.41, 0.62, 0.57, 0.42, 0.54, 0.53, 0.4, 0.6, 0.43]","[0.5, 0.5, 0.67, 0.63, 0.51, 0.61, 0.6, 0.49, 0.66, 0.52]",seed-1_sample-1,0.62,0.67,2,5,5
/home/prichter/Documents/banfield/betazoid/data/genes/alphafold/af_output/bz_0_cluster_3_7mer-mg_adp,bz_0_cluster_3_7mer-mg_adp,6,6,"[0.33, 0.29, 0.31, 0.26, 0.27, 0.31, 0.26, 0.31, 0.31, 0.31]","[0.38, 0.35, 0.38, 0.31, 0.31, 0.36, 0.31, 0.37, 0.39, 0.36]",seed-2_sample-1,0.33,0.38,2,7,7
/home/prichter/Documents/banfield/betazoid/data/genes/alphafold/af_output/bz_1_cluster_3_8mer-mg_adp,bz_1_cluster_3_8mer-mg_adp,23,23,"[0.27, 0.3, 0.27, 0.29, 0.3, 0.29, 0.28, 0.3, 0.3, 0.29]","[0.31, 0.36, 0.32, 0.35, 0.36, 0.35, 0.35, 0.36, 0.37, 0.35]",seed-2_sample-3,0.3,0.36,2,8,8
/home/prichter/Documents/banfield/betazoid/data/genes/alphafold/af_output/bz_1_cluster_3_6mer-mg_adp,bz_1_cluster_3_6mer-mg_adp,23,23,"[0.28, 0.3, 0.25, 0.25, 0.3, 0.24, 0.25, 0.28, 0.24, 0.24]","[0.35, 0.39, 0.32, 0.32, 0.36, 0.29, 0.35, 0.35, 0.3, 0.3]",seed-2_sample-4,0.3,0.39,2,6,6
/home/prichter/Documents/banfield/betazoid/data/genes/alphafold/af_output/bz_4_cluster_3_5mer-mg_adp,bz_4_cluster_3_5mer-mg_adp,6,6,"[0.63, 0.62, 0.58, 0.64, 0.61, 0.55, 0.67, 0.65, 0.58, 0.75]","[0.68, 0.68, 0.65, 0.7, 0.67, 0.62, 0.72, 0.71, 0.64, 0.79]",seed-2_sample-2,0.75,0.79,2,5,5
/home/prichter/Documents/banfield/betazoid/data/genes/alphafold/af_output/bz_7_cluster_3_1mer-mg_atp,bz_7_cluster_3_1mer-mg_atp,11,11,"[0.95, 0.95, 0.95, 0.95, 0.95, 0.95, 0.95, 0.95, 0.96, 0.95]","[0.9, 0.9, 0.89, 0.89, 0.89, 0.89, 0.9, 0.89, 0.91, 0.89]",seed-1_sample-0,0.96,0.91,2,1,1
/home/prichter/Documents/banfield/betazoid/data/genes/alphafold/af_output/bz_0_cluster_3_5mer-mg_atp,bz_0_cluster_3_5mer-mg_atp,6,6,"[0.7, 0.68, 0.56, 0.45, 0.67, 0.53, 0.69, 0.69, 0.47, 0.67]","[0.74, 0.73, 0.63, 0.54, 0.72, 0.6, 0.73, 0.73, 0.55, 0.72]",seed-2_sample-1,0.7,0.74,2,5,5
/home/prichter/Documents/banfield/betazoid/data/genes/alphafold/af_output/bz_10_cluster_3_2mer-mg_adp,bz_10_cluster_3_2mer-mg_adp,10,10,"[0.34, 0.34, 0.35, 0.4, 0.35, 0.35, 0.35, 0.4, 0.33, 0.39]","[0.5, 0.5, 0.5, 0.58, 0.5, 0.5, 0.5, 0.56, 0.5, 0.57]",seed-1_sample-4,0.4,0.58,2,2,2
/home/prichter/Documents/banfield/betazoid/data/genes/alphafold/af_output/bz_9_cluster_3_1mer-mg_adp,bz_9_cluster_3_1mer-mg_adp,14,14,"[0.96, 0.97, 0.96, 0.97, 0.97, 0.97, 0.97, 0.97, 0.97, 0.97]","[0.89, 0.91, 0.89, 0.9, 0.91, 0.9, 0.92, 0.91, 0.9, 0.91]",seed-1_sample-2,0.97,0.92,2,1,1
/home/prichter/Documents/banfield/betazoid/data/genes/alphafold/af_output/bz_0_cluster_3_6mer-mg_atp,bz_0_cluster_3_6mer-mg_atp,6,6,"[0.53, 0.51, 0.49, 0.52, 0.51, 0.46, 0.5, 0.57, 0.5, 0.56]","[0.59, 0.58, 0.55, 0.58, 0.57, 0.53, 0.56, 0.62, 0.57, 0.61]",seed-2_sample-0,0.57,0.62,2,6,6
/home/prichter/Documents/banfield/betazoid/data/genes/alphafold/af_output/bz_7_cluster_3_5mer-mg_atp,bz_7_cluster_3_5mer-mg_atp,11,11,"[0.42, 0.47, 0.5, 0.48, 0.47, 0.48, 0.49, 0.48, 0.35, 0.45]","[0.51, 0.55, 0.57, 0.56, 0.56, 0.56, 0.57, 0.56, 0.42, 0.53]",seed-1_sample-1,0.5,0.57,2,5,5
/home/prichter/Documents/banfield/betazoid/data/genes/alphafold/af_output/bz_7_cluster_3_7mer-mg_atp,bz_7_cluster_3_7mer-mg_atp,11,11,"[0.68, 0.67, 0.65, 0.64, 0.63, 0.62, 0.65, 0.65, 0.64, 0.63]","[0.71, 0.7, 0.68, 0.68, 0.67, 0.67, 0.68, 0.69, 0.68, 0.67]",seed-2_sample-1,0.68,0.71,2,7,7
/home/prichter/Documents/banfield/betazoid/data/genes/alphafold/af_output/bz_9_cluster_3_7mer-mg_adp,bz_9_cluster_3_7mer-mg_adp,14,14,"[0.36, 0.38, 0.35, 0.35, 0.38, 0.35, 0.36, 0.37, 0.36, 0.38]","[0.43, 0.45, 0.41, 0.41, 0.45, 0.42, 0.44, 0.45, 0.43, 0.45]",seed-2_sample-2,0.38,0.45,2,7,7
/home/prichter/Documents/banfield/betazoid/data/genes/alphafold/af_output/bz_5_cluster_3_3mer-mg_atp,bz_5_cluster_3_3mer-mg_atp,11,11,"[0.36, 0.62, 0.54, 0.43, 0.38, 0.48, 0.52, 0.56, 0.51, 0.42]","[0.42, 0.72, 0.66, 0.59, 0.44, 0.62, 0.64, 0.67, 0.64, 0.5]",seed-2_sample-4,0.62,0.72,2,3,3
/home/prichter/Documents/banfield/betazoid/data/genes/alphafold/af_output/bz_7_cluster_3_1mer-mg_adp,bz_7_cluster_3_1mer-mg_adp,11,11,"[0.94, 0.95, 0.95, 0.95, 0.94, 0.95, 0.95, 0.94, 0.95, 0.95]","[0.89, 0.89, 0.89, 0.89, 0.88, 0.88, 0.89, 0.88, 0.89, 0.9]",seed-2_sample-2,0.95,0.9,2,1,1
/home/prichter/Documents/banfield/betazoid/data/genes/alphafold/af_output/bz_10_cluster_3_5mer-mg_atp,bz_10_cluster_3_5mer-mg_atp,10,10,"[0.86, 0.86, 0.87, 0.86, 0.86, 0.86, 0.86, 0.86, 0.87, 0.86]","[0.88, 0.88, 0.88, 0.88, 0.88, 0.88, 0.88, 0.88, 0.88, 0.88]",seed-1_sample-1,0.87,0.88,2,5,5
/home/prichter/Documents/banfield/betazoid/data/genes/alphafold/af_output/bz_5_cluster_3_1mer-mg_adp,bz_5_cluster_3_1mer-mg_adp,11,11,"[0.95, 0.96, 0.95, 0.96, 0.95, 0.96, 0.96, 0.96, 0.95, 0.95]","[0.91, 0.92, 0.9, 0.92, 0.91, 0.92, 0.91, 0.92, 0.91, 0.91]",seed-1_sample-4,0.96,0.92,2,1,1
/home/prichter/Documents/banfield/betazoid/data/genes/alphafold/af_output/bz_5_cluster_3_4mer-mg_adp,bz_5_cluster_3_4mer-mg_adp,11,11,"[0.28, 0.28, 0.29, 0.31, 0.3, 0.28, 0.28, 0.28, 0.29, 0.29]","[0.35, 0.36, 0.38, 0.39, 0.38, 0.35, 0.37, 0.38, 0.37, 0.38]",seed-1_sample-4,0.31,0.39,2,4,4
/home/prichter/Documents/banfield/betazoid/data/genes/alphafold/af_output/bz_3_cluster_3_2mer-mg_atp,bz_3_cluster_3_2mer-mg_atp,6,6,"[0.6, 0.57, 0.56, 0.56, 0.6, 0.56, 0.57, 0.59, 0.6, 0.58]","[0.55, 0.55, 0.53, 0.52, 0.55, 0.53, 0.54, 0.55, 0.56, 0.54]",seed-2_sample-1,0.6,0.55,2,2,2
/home/prichter/Documents/banfield/betazoid/data/genes/alphafold/af_output/bz_5_cluster_3_1mer-mg_atp,bz_5_cluster_3_1mer-mg_atp,11,11,"[0.96, 0.95, 0.94, 0.95, 0.96, 0.95, 0.95, 0.95, 0.95, 0.95]","[0.92, 0.92, 0.9, 0.91, 0.92, 0.91, 0.91, 0.92, 0.91, 0.91]",seed-2_sample-1,0.96,0.92,2,1,1
/home/prichter/Documents/banfield/betazoid/data/genes/alphafold/af_output/bz_11_cluster_3_1mer-mg_adp,bz_11_cluster_3_1mer-mg_adp,11,11,"[0.93, 0.94, 0.94, 0.94, 0.94, 0.94, 0.94, 0.94, 0.94, 0.94]","[0.86, 0.86, 0.87, 0.86, 0.87, 0.87, 0.87, 0.87, 0.86, 0.87]",seed-2_sample-3,0.94,0.87,2,1,1
/home/prichter/Documents/banfield/betazoid/data/genes/alphafold/af_output/bz_9_cluster_3_6mer-mg_atp,bz_9_cluster_3_6mer-mg_atp,14,14,"[0.82, 0.81, 0.82, 0.83, 0.81, 0.81, 0.82, 0.8, 0.82, 0.82]","[0.84, 0.83, 0.84, 0.85, 0.83, 0.84, 0.84, 0.82, 0.84, 0.84]",seed-1_sample-4,0.83,0.85,2,6,6
/home/prichter/Documents/banfield/betazoid/data/genes/alphafold/af_output/bz_7_cluster_3_4mer-mg_atp,bz_7_cluster_3_4mer-mg_atp,11,11,"[0.49, 0.53, 0.53, 0.55, 0.52, 0.54, 0.54, 0.52, 0.55, 0.52]","[0.59, 0.62, 0.62, 0.63, 0.62, 0.63, 0.63, 0.61, 0.64, 0.62]",seed-1_sample-0,0.55,0.64,2,4,4
/home/prichter/Documents/banfield/betazoid/data/genes/alphafold/af_output/bz_10_cluster_3_5mer-mg_adp,bz_10_cluster_3_5mer-mg_adp,10,10,"[0.77, 0.75, 0.83, 0.84, 0.75, 0.79, 0.83, 0.79, 0.85, 0.77]","[0.8, 0.79, 0.86, 0.86, 0.78, 0.82, 0.85, 0.82, 0.87, 0.8]",seed-1_sample-0,0.85,0.87,2,5,5
/home/prichter/Documents/banfield/betazoid/data/genes/alphafold/af_output/bz_4_cluster_3_4mer-mg_adp,bz_4_cluster_3_4mer-mg_adp,6,6,"[0.31, 0.3, 0.31, 0.31, 0.29, 0.34, 0.32, 0.4, 0.32, 0.31]","[0.45, 0.44, 0.44, 0.43, 0.43, 0.47, 0.44, 0.52, 0.44, 0.45]",seed-2_sample-0,0.4,0.52,2,4,4
/home/prichter/Documents/banfield/betazoid/data/genes/alphafold/af_output/bz_1_cluster_3_7mer-mg_adp,bz_1_cluster_3_7mer-mg_adp,23,23,"[0.31, 0.3, 0.27, 0.26, 0.3, 0.32, 0.29, 0.31, 0.29, 0.29]","[0.39, 0.36, 0.33, 0.31, 0.36, 0.39, 0.36, 0.38, 0.34, 0.36]",seed-1_sample-3,0.32,0.39,2,7,7
/home/prichter/Documents/banfield/betazoid/data/genes/alphafold/af_output/bz_10_cluster_3_2mer-mg_atp,bz_10_cluster_3_2mer-mg_atp,10,10,"[0.36, 0.35, 0.42, 0.43, 0.36, 0.37, 0.41, 0.38, 0.36, 0.39]","[0.5, 0.5, 0.59, 0.6, 0.5, 0.5, 0.55, 0.58, 0.5, 0.56]",seed-1_sample-4,0.43,0.6,2,2,2
/home/prichter/Documents/banfield/betazoid/data/genes/alphafold/af_output/bz_4_cluster_3_7mer-mg_atp,bz_4_cluster_3_7mer-mg_atp,6,6,"[0.29, 0.3, 0.37, 0.37, 0.25, 0.37, 0.31, 0.31, 0.31, 0.3]","[0.38, 0.38, 0.45, 0.45, 0.34, 0.45, 0.39, 0.39, 0.39, 0.38]",seed-1_sample-1,0.37,0.45,2,7,7
/home/prichter/Documents/banfield/betazoid/data/genes/alphafold/af_output/bz_8_cluster_3_6mer-mg_atp,bz_8_cluster_3_6mer-mg_atp,12,12,"[0.78, 0.78, 0.77, 0.76, 0.78, 0.79, 0.79, 0.79, 0.72, 0.77]","[0.81, 0.8, 0.8, 0.79, 0.81, 0.82, 0.82, 0.81, 0.76, 0.8]",seed-1_sample-2,0.79,0.82,2,6,6
/home/prichter/Documents/banfield/betazoid/data/genes/alphafold/af_output/bz_8_cluster_3_4mer-mg_adp,bz_8_cluster_3_4mer-mg_adp,12,12,"[0.29, 0.28, 0.28, 0.27, 0.29, 0.28, 0.28, 0.26, 0.27, 0.28]","[0.39, 0.4, 0.38, 0.37, 0.4, 0.39, 0.38, 0.4, 0.38, 0.4]",seed-2_sample-3,0.29,0.4,2,4,4
/home/prichter/Documents/banfield/betazoid/data/genes/alphafold/af_output/bz_11_cluster_3_5mer-mg_adp,bz_11_cluster_3_5mer-mg_adp,11,11,"[0.37, 0.36, 0.27, 0.27, 0.36, 0.26, 0.24, 0.38, 0.31, 0.36]","[0.47, 0.46, 0.38, 0.37, 0.46, 0.36, 0.32, 0.48, 0.42, 0.46]",seed-2_sample-0,0.38,0.48,2,5,5
/home/prichter/Documents/banfield/betazoid/data/genes/alphafold/af_output/bz_9_cluster_3_2mer-mg_adp,bz_9_cluster_3_2mer-mg_adp,14,14,"[0.55, 0.45, 0.54, 0.52, 0.58, 0.55, 0.54, 0.56, 0.54, 0.55]","[0.62, 0.51, 0.61, 0.58, 0.64, 0.61, 0.61, 0.63, 0.61, 0.61]",seed-2_sample-3,0.58,0.64,2,2,2
/home/prichter/Documents/banfield/betazoid/data/genes/alphafold/af_output/bz_10_cluster_3_4mer-mg_atp,bz_10_cluster_3_4mer-mg_atp,10,10,"[0.71, 0.71, 0.69, 0.7, 0.72, 0.7, 0.7, 0.74, 0.71, 0.71]","[0.76, 0.76, 0.74, 0.76, 0.77, 0.75, 0.75, 0.79, 0.76, 0.76]",seed-2_sample-0,0.74,0.79,2,4,4
/home/prichter/Documents/banfield/betazoid/data/genes/alphafold/af_output/bz_2_cluster_3_1mer-mg_adp,bz_2_cluster_3_1mer-mg_adp,7,7,"[0.95, 0.95, 0.96, 0.95, 0.96, 0.96, 0.95, 0.95, 0.95, 0.96]","[0.88, 0.88, 0.89, 0.88, 0.9, 0.9, 0.88, 0.88, 0.9, 0.9]",seed-2_sample-2,0.96,0.9,2,1,1
/home/prichter/Documents/banfield/betazoid/data/genes/alphafold/af_output/bz_2_cluster_3_3mer-mg_adp,bz_2_cluster_3_3mer-mg_adp,7,7,"[0.43, 0.56, 0.46, 0.38, 0.49, 0.38, 0.36, 0.39, 0.45, 0.51]","[0.52, 0.67, 0.56, 0.46, 0.61, 0.48, 0.45, 0.49, 0.56, 0.64]",seed-2_sample-4,0.56,0.67,2,3,3
/home/prichter/Documents/banfield/betazoid/data/genes/alphafold/af_output/bz_2_cluster_3_3mer-mg_atp,bz_2_cluster_3_3mer-mg_atp,7,7,"[0.57, 0.57, 0.62, 0.67, 0.54, 0.6, 0.58, 0.55, 0.59, 0.6]","[0.67, 0.68, 0.71, 0.75, 0.66, 0.7, 0.69, 0.66, 0.69, 0.7]",seed-1_sample-4,0.67,0.75,2,3,3
/home/prichter/Documents/banfield/betazoid/data/genes/alphafold/af_output/bz_1_cluster_3_2mer-mg_adp,bz_1_cluster_3_2mer-mg_adp,23,23,"[0.56, 0.56, 0.52, 0.42, 0.43, 0.43, 0.43, 0.55, 0.43, 0.57]","[0.66, 0.66, 0.61, 0.5, 0.52, 0.52, 0.52, 0.64, 0.52, 0.66]",seed-2_sample-2,0.57,0.66,2,2,2
/home/prichter/Documents/banfield/betazoid/data/genes/alphafold/af_output/bz_7_cluster_3_8mer-mg_adp,bz_7_cluster_3_8mer-mg_adp,11,11,"[0.39, 0.37, 0.36, 0.38, 0.37, 0.38, 0.38, 0.37, 0.37, 0.36]","[0.45, 0.44, 0.42, 0.45, 0.43, 0.44, 0.44, 0.44, 0.43, 0.43]",seed-2_sample-1,0.39,0.45,2,8,8
/home/prichter/Documents/banfield/betazoid/data/genes/alphafold/af_output/bz_5_cluster_3_8mer-mg_adp,bz_5_cluster_3_8mer-mg_adp,11,11,"[0.25, 0.23, 0.24, 0.24, 0.23, 0.24, 0.22, 0.23, 0.24, 0.23]","[0.32, 0.29, 0.32, 0.31, 0.29, 0.31, 0.28, 0.29, 0.31, 0.29]",seed-2_sample-1,0.25,0.32,2,8,8
/home/prichter/Documents/banfield/betazoid/data/genes/alphafold/af_output/bz_3_cluster_3_8mer-mg_atp,bz_3_cluster_3_8mer-mg_atp,6,6,"[0.29, 0.28, 0.28, 0.28, 0.28, 0.28, 0.28, 0.28, 0.27, 0.28]","[0.34, 0.33, 0.33, 0.33, 0.34, 0.34, 0.33, 0.33, 0.32, 0.34]",seed-2_sample-1,0.29,0.34,2,8,8
/home/prichter/Documents/banfield/betazoid/data/genes/alphafold/af_output/bz_8_cluster_3_8mer-mg_adp,bz_8_cluster_3_8mer-mg_adp,12,12,"[0.24, 0.27, 0.28, 0.24, 0.25, 0.28, 0.25, 0.27, 0.25, 0.24]","[0.3, 0.34, 0.35, 0.31, 0.31, 0.35, 0.31, 0.33, 0.31, 0.3]",seed-1_sample-3,0.28,0.35,2,8,8
/home/prichter/Documents/banfield/betazoid/data/genes/alphafold/af_output/bz_0_cluster_3_4mer-mg_adp,bz_0_cluster_3_4mer-mg_adp,6,6,"[0.28, 0.28, 0.29, 0.36, 0.28, 0.31, 0.28, 0.28, 0.28, 0.28]","[0.33, 0.34, 0.34, 0.46, 0.33, 0.37, 0.34, 0.33, 0.33, 0.34]",seed-1_sample-4,0.36,0.46,2,4,4
/home/prichter/Documents/banfield/betazoid/data/genes/alphafold/af_output/bz_4_cluster_3_2mer-mg_adp,bz_4_cluster_3_2mer-mg_adp,6,6,"[0.33, 0.34, 0.33, 0.34, 0.34, 0.34, 0.34, 0.3, 0.42, 0.34]","[0.52, 0.52, 0.53, 0.53, 0.52, 0.54, 0.54, 0.53, 0.64, 0.54]",seed-1_sample-0,0.42,0.64,2,2,2
/home/prichter/Documents/banfield/betazoid/data/genes/alphafold/af_output/bz_5_cluster_3_7mer-mg_atp,bz_5_cluster_3_7mer-mg_atp,11,11,"[0.54, 0.53, 0.28, 0.27, 0.53, 0.29, 0.25, 0.53, 0.3, 0.54]","[0.59, 0.58, 0.37, 0.36, 0.58, 0.37, 0.33, 0.58, 0.38, 0.59]",seed-2_sample-1,0.54,0.59,2,7,7
/home/prichter/Documents/banfield/betazoid/data/genes/alphafold/af_output/bz_11_cluster_3_3mer-mg_adp,bz_11_cluster_3_3mer-mg_adp,11,11,"[0.3, 0.3, 0.31, 0.3, 0.3, 0.3, 0.29, 0.29, 0.29, 0.3]","[0.38, 0.37, 0.38, 0.4, 0.37, 0.37, 0.36, 0.37, 0.37, 0.37]",seed-1_sample-2,0.29,0.36,2,3,3
/home/prichter/Documents/banfield/betazoid/data/genes/alphafold/af_output/bz_3_cluster_3_7mer-mg_adp,bz_3_cluster_3_7mer-mg_adp,6,6,"[0.26, 0.26, 0.29, 0.26, 0.26, 0.31, 0.31, 0.25, 0.27, 0.28]","[0.31, 0.31, 0.35, 0.34, 0.31, 0.39, 0.39, 0.3, 0.32, 0.36]",seed-1_sample-2,0.31,0.39,2,7,7
/home/prichter/Documents/banfield/betazoid/data/genes/alphafold/af_output/bz_11_cluster_3_7mer-mg_atp,bz_11_cluster_3_7mer-mg_atp,11,11,"[0.44, 0.46, 0.44, 0.44, 0.43, 0.45, 0.42, 0.42, 0.46, 0.44]","[0.51, 0.53, 0.5, 0.5, 0.5, 0.52, 0.49, 0.49, 0.52, 0.51]",seed-2_sample-4,0.46,0.53,2,7,7
/home/prichter/Documents/banfield/betazoid/data/genes/alphafold/af_output/bz_3_cluster_3_1mer-mg_atp,bz_3_cluster_3_1mer-mg_atp,6,6,"[0.95, 0.96, 0.96, 0.95, 0.95, 0.96, 0.95, 0.95, 0.96, 0.96]","[0.89, 0.89, 0.89, 0.89, 0.89, 0.89, 0.89, 0.89, 0.89, 0.89]",seed-1_sample-3,0.96,0.89,2,1,1
/home/prichter/Documents/banfield/betazoid/data/genes/alphafold/af_output/bz_11_cluster_3_4mer-mg_adp,bz_11_cluster_3_4mer-mg_adp,11,11,"[0.24, 0.24, 0.25, 0.27, 0.23, 0.25, 0.24, 0.25, 0.24, 0.25]","[0.34, 0.34, 0.34, 0.38, 0.32, 0.35, 0.33, 0.36, 0.32, 0.34]",seed-1_sample-4,0.27,0.38,2,4,4
/home/prichter/Documents/banfield/betazoid/data/genes/alphafold/af_output/bz_1_cluster_3_1mer-mg_atp,bz_1_cluster_3_1mer-mg_atp,23,23,"[0.95, 0.95, 0.95, 0.95, 0.95, 0.96, 0.95, 0.95, 0.95, 0.95]","[0.89, 0.89, 0.88, 0.89, 0.9, 0.89, 0.89, 0.89, 0.89, 0.89]",seed-1_sample-3,0.96,0.89,2,1,1
/home/prichter/Documents/banfield/betazoid/data/genes/alphafold/af_output/bz_0_cluster_3_8mer-mg_adp,bz_0_cluster_3_8mer-mg_adp,6,6,"[0.27, 0.25, 0.3, 0.29, 0.28, 0.3, 0.31, 0.26, 0.3, 0.3]","[0.32, 0.29, 0.36, 0.35, 0.34, 0.35, 0.37, 0.3, 0.37, 0.35]",seed-1_sample-2,0.31,0.37,2,8,8
/home/prichter/Documents/banfield/betazoid/data/genes/alphafold/af_output/bz_11_cluster_3_6mer-mg_adp,bz_11_cluster_3_6mer-mg_adp,11,11,"[0.41, 0.39, 0.33, 0.27, 0.41, 0.23, 0.24, 0.39, 0.23, 0.4]","[0.49, 0.47, 0.42, 0.37, 0.49, 0.3, 0.31, 0.47, 0.29, 0.48]",seed-2_sample-1,0.41,0.49,2,6,6
/home/prichter/Documents/banfield/betazoid/data/genes/alphafold/af_output/bz_3_cluster_3_7mer-mg_atp,bz_3_cluster_3_7mer-mg_atp,6,6,"[0.48, 0.47, 0.48, 0.49, 0.46, 0.5, 0.46, 0.46, 0.47, 0.47]","[0.54, 0.53, 0.54, 0.54, 0.52, 0.55, 0.52, 0.52, 0.53, 0.53]",seed-1_sample-3,0.5,0.55,2,7,7
/home/prichter/Documents/banfield/betazoid/data/genes/alphafold/af_output/bz_2_cluster_3_7mer-mg_atp,bz_2_cluster_3_7mer-mg_atp,7,7,"[0.69, 0.73, 0.67, 0.71, 0.71, 0.7, 0.69, 0.69, 0.66, 0.72]","[0.72, 0.75, 0.71, 0.74, 0.74, 0.73, 0.72, 0.72, 0.69, 0.75]",seed-2_sample-3,0.71,0.74,2,7,7
/home/prichter/Documents/banfield/betazoid/data/genes/alphafold/af_output/bz_5_cluster_3_2mer-mg_adp,bz_5_cluster_3_2mer-mg_adp,11,11,"[0.38, 0.48, 0.48, 0.48, 0.5, 0.5, 0.5, 0.47, 0.48, 0.5]","[0.51, 0.64, 0.65, 0.64, 0.65, 0.65, 0.66, 0.67, 0.64, 0.66]",seed-1_sample-2,0.5,0.66,2,2,2
/home/prichter/Documents/banfield/betazoid/data/genes/alphafold/af_output/bz_2_cluster_3_7mer-mg_adp,bz_2_cluster_3_7mer-mg_adp,7,7,"[0.58, 0.61, 0.59, 0.56, 0.62, 0.59, 0.58, 0.62, 0.56, 0.62]","[0.63, 0.65, 0.63, 0.61, 0.66, 0.64, 0.62, 0.66, 0.61, 0.66]",seed-2_sample-2,0.62,0.66,2,7,7
/home/prichter/Documents/banfield/betazoid/data/genes/alphafold/af_output/bz_7_cluster_3_6mer-mg_atp,bz_7_cluster_3_6mer-mg_atp,11,11,"[0.8, 0.79, 0.8, 0.79, 0.78, 0.8, 0.8, 0.79, 0.81, 0.76]","[0.83, 0.82, 0.82, 0.81, 0.81, 0.82, 0.82, 0.81, 0.83, 0.79]",seed-1_sample-0,0.81,0.83,2,6,6
/home/prichter/Documents/banfield/betazoid/data/genes/alphafold/af_output/bz_5_cluster_3_3mer-mg_adp,bz_5_cluster_3_3mer-mg_adp,11,11,"[0.32, 0.33, 0.3, 0.33, 0.34, 0.34, 0.33, 0.32, 0.33, 0.32]","[0.41, 0.43, 0.39, 0.42, 0.44, 0.44, 0.43, 0.42, 0.42, 0.43]",seed-1_sample-3,0.34,0.44,2,3,3
/home/prichter/Documents/banfield/betazoid/data/genes/alphafold/af_output/bz_5_cluster_3_5mer-mg_atp,bz_5_cluster_3_5mer-mg_atp,11,11,"[0.86, 0.82, 0.85, 0.77, 0.76, 0.77, 0.73, 0.79, 0.83, 0.82]","[0.88, 0.84, 0.87, 0.81, 0.8, 0.8, 0.77, 0.82, 0.86, 0.85]",seed-2_sample-1,0.86,0.88,2,5,5
/home/prichter/Documents/banfield/betazoid/data/genes/alphafold/af_output/bz_4_cluster_3_6mer-mg_adp,bz_4_cluster_3_6mer-mg_adp,6,6,"[0.47, 0.45, 0.53, 0.52, 0.47, 0.48, 0.5, 0.46, 0.59, 0.47]","[0.54, 0.53, 0.59, 0.59, 0.54, 0.56, 0.57, 0.54, 0.65, 0.54]",seed-1_sample-0,0.59,0.65,2,6,6
/home/prichter/Documents/banfield/betazoid/data/genes/alphafold/af_output/bz_7_cluster_3_4mer-mg_adp,bz_7_cluster_3_4mer-mg_adp,11,11,"[0.32, 0.32, 0.31, 0.3, 0.32, 0.31, 0.3, 0.31, 0.3, 0.33]","[0.4, 0.41, 0.39, 0.38, 0.41, 0.4, 0.37, 0.39, 0.4, 0.41]",seed-2_sample-2,0.33,0.41,2,4,4
/home/prichter/Documents/banfield/betazoid/data/genes/alphafold/af_output/bz_11_cluster_3_4mer-mg_atp,bz_11_cluster_3_4mer-mg_atp,11,11,"[0.42, 0.42, 0.36, 0.35, 0.41, 0.36, 0.35, 0.38, 0.36, 0.43]","[0.51, 0.52, 0.46, 0.45, 0.49, 0.44, 0.44, 0.47, 0.44, 0.51]",seed-2_sample-1,0.42,0.51,2,4,4
/home/prichter/Documents/banfield/betazoid/data/genes/alphafold/af_output/bz_5_cluster_3_4mer-mg_atp,bz_5_cluster_3_4mer-mg_atp,11,11,"[0.43, 0.43, 0.43, 0.44, 0.43, 0.43, 0.44, 0.43, 0.45, 0.41]","[0.51, 0.5, 0.51, 0.51, 0.49, 0.51, 0.52, 0.51, 0.53, 0.48]",seed-1_sample-0,0.45,0.53,2,4,4
/home/prichter/Documents/banfield/betazoid/data/genes/alphafold/af_output/bz_1_cluster_3_7mer-mg_atp,bz_1_cluster_3_7mer-mg_atp,23,23,"[0.62, 0.63, 0.57, 0.6, 0.65, 0.59, 0.6, 0.64, 0.6, 0.64]","[0.66, 0.67, 0.62, 0.64, 0.69, 0.64, 0.65, 0.68, 0.65, 0.68]",seed-2_sample-3,0.65,0.69,2,7,7
/home/prichter/Documents/banfield/betazoid/data/genes/alphafold/af_output/bz_3_cluster_3_5mer-mg_adp,bz_3_cluster_3_5mer-mg_adp,6,6,"[0.64, 0.69, 0.74, 0.74, 0.71, 0.67, 0.69, 0.71, 0.7, 0.69]","[0.69, 0.74, 0.78, 0.78, 0.75, 0.72, 0.73, 0.76, 0.75, 0.74]",seed-1_sample-4,0.74,0.78,2,5,5
/home/prichter/Documents/banfield/betazoid/data/genes/alphafold/af_output/bz_2_cluster_3_1mer-mg_atp,bz_2_cluster_3_1mer-mg_atp,7,7,"[0.94, 0.95, 0.96, 0.94, 0.95, 0.95, 0.95, 0.94, 0.95, 0.95]","[0.88, 0.88, 0.89, 0.88, 0.89, 0.9, 0.88, 0.88, 0.88, 0.89]",seed-1_sample-1,0.96,0.89,2,1,1
/home/prichter/Documents/banfield/betazoid/data/genes/alphafold/af_output/bz_10_cluster_3_3mer-mg_adp,bz_10_cluster_3_3mer-mg_adp,10,10,"[0.29, 0.28, 0.27, 0.27, 0.28, 0.29, 0.27, 0.28, 0.26, 0.3]","[0.4, 0.39, 0.39, 0.39, 0.39, 0.44, 0.39, 0.39, 0.39, 0.42]",seed-1_sample-3,0.29,0.44,2,3,3
/home/prichter/Documents/banfield/betazoid/data/genes/alphafold/af_output/bz_3_cluster_3_1mer-mg_adp,bz_3_cluster_3_1mer-mg_adp,6,6,"[0.96, 0.96, 0.96, 0.96, 0.96, 0.96, 0.96, 0.96, 0.96, 0.96]","[0.89, 0.89, 0.89, 0.89, 0.89, 0.89, 0.89, 0.89, 0.89, 0.89]",seed-2_sample-0,0.96,0.89,2,1,1
/home/prichter/Documents/banfield/betazoid/data/genes/alphafold/af_output/bz_8_cluster_3_5mer-mg_adp,bz_8_cluster_3_5mer-mg_adp,12,12,"[0.26, 0.25, 0.24, 0.25, 0.27, 0.26, 0.26, 0.23, 0.3, 0.24]","[0.34, 0.33, 0.3, 0.33, 0.36, 0.38, 0.36, 0.3, 0.4, 0.34]",seed-1_sample-0,0.3,0.4,2,5,5
/home/prichter/Documents/banfield/betazoid/data/genes/alphafold/af_output/bz_10_cluster_3_6mer-mg_atp,bz_10_cluster_3_6mer-mg_atp,10,10,"[0.83, 0.84, 0.84, 0.83, 0.84, 0.83, 0.85, 0.83, 0.83, 0.83]","[0.85, 0.86, 0.86, 0.85, 0.86, 0.85, 0.86, 0.85, 0.85, 0.85]",seed-1_sample-2,0.85,0.86,2,6,6
/home/prichter/Documents/banfield/betazoid/data/genes/alphafold/af_output/bz_4_cluster_3_4mer-mg_atp,bz_4_cluster_3_4mer-mg_atp,6,6,"[0.43, 0.42, 0.47, 0.36, 0.35, 0.39, 0.38, 0.48, 0.39, 0.33]","[0.54, 0.54, 0.58, 0.49, 0.48, 0.51, 0.5, 0.58, 0.51, 0.46]",seed-2_sample-0,0.48,0.58,2,4,4
/home/prichter/Documents/banfield/betazoid/data/genes/alphafold/af_output/bz_4_cluster_3_3mer-mg_atp,bz_4_cluster_3_3mer-mg_atp,6,6,"[0.28, 0.26, 0.29, 0.27, 0.27, 0.4, 0.31, 0.29, 0.29, 0.25]","[0.4, 0.39, 0.42, 0.41, 0.41, 0.56, 0.46, 0.45, 0.41, 0.39]",seed-1_sample-3,0.4,0.56,2,3,3
/home/prichter/Documents/banfield/betazoid/data/genes/alphafold/af_output/bz_11_cluster_3_2mer-mg_adp,bz_11_cluster_3_2mer-mg_adp,11,11,"[0.4, 0.4, 0.45, 0.35, 0.39, 0.33, 0.41, 0.47, 0.32, 0.69]","[0.49, 0.5, 0.62, 0.49, 0.5, 0.48, 0.57, 0.58, 0.49, 0.78]",seed-2_sample-2,0.69,0.78,2,2,2
/home/prichter/Documents/banfield/betazoid/data/genes/alphafold/af_output/bz_9_cluster_3_8mer-mg_adp,bz_9_cluster_3_8mer-mg_adp,14,14,"[0.26, 0.28, 0.3, 0.3, 0.27, 0.3, 0.31, 0.26, 0.3, 0.26]","[0.32, 0.33, 0.36, 0.36, 0.32, 0.36, 0.37, 0.31, 0.36, 0.31]",seed-1_sample-2,0.31,0.37,2,8,8
/home/prichter/Documents/banfield/betazoid/data/genes/alphafold/af_output/bz_7_cluster_3_7mer-mg_adp,bz_7_cluster_3_7mer-mg_adp,11,11,"[0.49, 0.51, 0.47, 0.48, 0.44, 0.46, 0.48, 0.46, 0.47, 0.44]","[0.54, 0.56, 0.53, 0.54, 0.51, 0.52, 0.54, 0.52, 0.53, 0.51]",seed-2_sample-4,0.51,0.56,2,7,7
/home/prichter/Documents/banfield/betazoid/data/genes/alphafold/af_output/bz_7_cluster_3_3mer-mg_atp,bz_7_cluster_3_3mer-mg_atp,11,11,"[0.67, 0.63, 0.67, 0.64, 0.64, 0.64, 0.67, 0.63, 0.62, 0.65]","[0.75, 0.72, 0.75, 0.73, 0.73, 0.73, 0.75, 0.72, 0.71, 0.73]",seed-1_sample-1,0.67,0.75,2,3,3
/home/prichter/Documents/banfield/betazoid/data/genes/alphafold/af_output/bz_9_cluster_3_6mer-mg_adp,bz_9_cluster_3_6mer-mg_adp,14,14,"[0.5, 0.49, 0.46, 0.46, 0.51, 0.42, 0.45, 0.45, 0.45, 0.5]","[0.57, 0.55, 0.53, 0.54, 0.58, 0.49, 0.52, 0.52, 0.52, 0.57]",seed-2_sample-3,0.51,0.58,2,6,6
/home/prichter/Documents/banfield/betazoid/data/genes/alphafold/af_output/bz_2_cluster_3_2mer-mg_atp,bz_2_cluster_3_2mer-mg_atp,7,7,"[0.48, 0.5, 0.34, 0.43, 0.41, 0.41, 0.47, 0.49, 0.49, 0.5]","[0.6, 0.62, 0.55, 0.52, 0.5, 0.5, 0.59, 0.62, 0.59, 0.62]",seed-2_sample-4,0.5,0.62,2,2,2
/home/prichter/Documents/banfield/betazoid/data/genes/alphafold/af_output/bz_3_cluster_3_4mer-mg_atp,bz_3_cluster_3_4mer-mg_atp,6,6,"[0.45, 0.44, 0.4, 0.55, 0.39, 0.47, 0.5, 0.41, 0.47, 0.41]","[0.52, 0.51, 0.48, 0.63, 0.46, 0.57, 0.59, 0.48, 0.57, 0.47]",seed-1_sample-4,0.55,0.63,2,4,4
/home/prichter/Documents/banfield/betazoid/data/genes/alphafold/af_output/bz_9_cluster_3_3mer-mg_atp,bz_9_cluster_3_3mer-mg_atp,14,14,"[0.55, 0.57, 0.54, 0.38, 0.56, 0.55, 0.54, 0.55, 0.4, 0.55]","[0.65, 0.66, 0.63, 0.45, 0.66, 0.65, 0.64, 0.64, 0.47, 0.65]",seed-2_sample-4,0.57,0.66,2,3,3
/home/prichter/Documents/banfield/betazoid/data/genes/alphafold/af_output/bz_8_cluster_3_2mer-mg_adp,bz_8_cluster_3_2mer-mg_adp,12,12,"[0.52, 0.53, 0.52, 0.52, 0.51, 0.53, 0.53, 0.49, 0.5, 0.52]","[0.7, 0.7, 0.7, 0.7, 0.69, 0.7, 0.71, 0.69, 0.69, 0.69]",seed-1_sample-2,0.53,0.71,2,2,2
/home/prichter/Documents/banfield/betazoid/data/genes/alphafold/af_output/bz_0_cluster_3_1mer-mg_adp,bz_0_cluster_3_1mer-mg_adp,6,6,"[0.95, 0.96, 0.95, 0.96, 0.96, 0.95, 0.96, 0.95, 0.95, 0.96]","[0.9, 0.91, 0.9, 0.9, 0.92, 0.89, 0.9, 0.91, 0.89, 0.91]",seed-2_sample-1,0.95,0.9,2,1,1
/home/prichter/Documents/banfield/betazoid/data/genes/alphafold/af_output/bz_2_cluster_3_5mer-mg_atp,bz_2_cluster_3_5mer-mg_atp,7,7,"[0.56, 0.56, 0.57, 0.59, 0.56, 0.57, 0.55, 0.56, 0.55, 0.57]","[0.63, 0.63, 0.63, 0.65, 0.62, 0.63, 0.62, 0.63, 0.62, 0.64]",seed-1_sample-4,0.59,0.65,2,5,5
/home/prichter/Documents/banfield/betazoid/data/genes/alphafold/af_output/bz_9_cluster_3_5mer-mg_atp,bz_9_cluster_3_5mer-mg_atp,14,14,"[0.63, 0.6, 0.5, 0.5, 0.57, 0.51, 0.51, 0.57, 0.49, 0.59]","[0.69, 0.66, 0.58, 0.57, 0.64, 0.58, 0.58, 0.64, 0.57, 0.66]",seed-2_sample-1,0.63,0.69,2,5,5
/home/prichter/Documents/banfield/betazoid/data/genes/alphafold/af_output/bz_11_cluster_3_8mer-mg_atp,bz_11_cluster_3_8mer-mg_atp,11,11,"[0.3, 0.31, 0.33, 0.31, 0.3, 0.32, 0.32, 0.3, 0.31, 0.31]","[0.37, 0.38, 0.4, 0.38, 0.37, 0.39, 0.39, 0.37, 0.38, 0.38]",seed-1_sample-1,0.33,0.4,2,8,8
/home/prichter/Documents/banfield/betazoid/data/genes/alphafold/af_output/bz_0_cluster_3_8mer-mg_atp,bz_0_cluster_3_8mer-mg_atp,6,6,"[0.3, 0.3, 0.3, 0.3, 0.3, 0.3, 0.3, 0.3, 0.3, 0.3]","[0.36, 0.37, 0.37, 0.37, 0.36, 0.36, 0.36, 0.36, 0.36, 0.36]",seed-1_sample-1,0.3,0.37,2,8,8
/home/prichter/Documents/banfield/betazoid/data/genes/alphafold/af_output/bz_8_cluster_3_1mer-mg_adp,bz_8_cluster_3_1mer-mg_adp,12,12,"[0.94, 0.94, 0.94, 0.94, 0.94, 0.94, 0.94, 0.94, 0.95, 0.95]","[0.9, 0.89, 0.9, 0.9, 0.9, 0.9, 0.9, 0.89, 0.91, 0.91]",seed-1_sample-0,0.95,0.91,2,1,1
/home/prichter/Documents/banfield/betazoid/data/genes/alphafold/af_output/bz_10_cluster_3_7mer-mg_adp,bz_10_cluster_3_7mer-mg_adp,10,10,"[0.54, 0.51, 0.52, 0.54, 0.51, 0.54, 0.52, 0.52, 0.53, 0.51]","[0.59, 0.56, 0.58, 0.59, 0.56, 0.59, 0.57, 0.57, 0.58, 0.57]",seed-1_sample-4,0.54,0.59,2,7,7
/home/prichter/Documents/banfield/betazoid/data/genes/alphafold/af_output/bz_5_cluster_3_7mer-mg_adp,bz_5_cluster_3_7mer-mg_adp,11,11,"[0.26, 0.25, 0.23, 0.24, 0.26, 0.24, 0.24, 0.25, 0.25, 0.24]","[0.32, 0.3, 0.29, 0.3, 0.32, 0.3, 0.3, 0.31, 0.31, 0.29]",seed-2_sample-1,0.26,0.32,2,7,7
/home/prichter/Documents/banfield/betazoid/data/genes/alphafold/af_output/bz_11_cluster_3_8mer-mg_adp,bz_11_cluster_3_8mer-mg_adp,11,11,"[0.25, 0.31, 0.28, 0.28, 0.26, 0.29, 0.28, 0.24, 0.29, 0.24]","[0.32, 0.38, 0.35, 0.34, 0.33, 0.35, 0.35, 0.31, 0.36, 0.31]",seed-2_sample-4,0.31,0.38,2,8,8
/home/prichter/Documents/banfield/betazoid/data/genes/alphafold/af_output/bz_0_cluster_3_3mer-mg_adp,bz_0_cluster_3_3mer-mg_adp,6,6,"[0.34, 0.33, 0.33, 0.34, 0.33, 0.33, 0.33, 0.33, 0.33, 0.33]","[0.4, 0.38, 0.39, 0.39, 0.39, 0.39, 0.39, 0.38, 0.39, 0.39]",seed-1_sample-4,0.34,0.39,2,3,3
/home/prichter/Documents/banfield/betazoid/data/genes/alphafold/af_output/bz_5_cluster_3_5mer-mg_adp,bz_5_cluster_3_5mer-mg_adp,11,11,"[0.66, 0.58, 0.24, 0.26, 0.51, 0.25, 0.25, 0.5, 0.25, 0.52]","[0.71, 0.65, 0.37, 0.32, 0.59, 0.31, 0.32, 0.58, 0.31, 0.59]",seed-2_sample-1,0.66,0.71,2,5,5
/home/prichter/Documents/banfield/betazoid/data/genes/alphafold/af_output/bz_2_cluster_3_8mer-mg_adp,bz_2_cluster_3_8mer-mg_adp,7,7,"[0.37, 0.38, 0.36, 0.36, 0.38, 0.37, 0.35, 0.38, 0.37, 0.38]","[0.43, 0.44, 0.42, 0.43, 0.44, 0.43, 0.42, 0.44, 0.43, 0.45]",seed-2_sample-2,0.38,0.45,2,8,8
/home/prichter/Documents/banfield/betazoid/data/genes/alphafold/af_output/bz_0_cluster_3_1mer-mg_atp,bz_0_cluster_3_1mer-mg_atp,6,6,"[0.95, 0.95, 0.95, 0.95, 0.95, 0.95, 0.96, 0.95, 0.95, 0.96]","[0.9, 0.9, 0.9, 0.9, 0.91, 0.9, 0.91, 0.9, 0.9, 0.91]",seed-2_sample-1,0.95,0.9,2,1,1
/home/prichter/Documents/banfield/betazoid/data/genes/alphafold/af_output/bz_1_cluster_3_6mer-mg_atp,bz_1_cluster_3_6mer-mg_atp,23,23,"[0.73, 0.73, 0.76, 0.75, 0.75, 0.74, 0.72, 0.72, 0.74, 0.73]","[0.77, 0.77, 0.79, 0.78, 0.78, 0.77, 0.75, 0.75, 0.77, 0.76]",seed-1_sample-1,0.76,0.79,2,6,6
/home/prichter/Documents/banfield/betazoid/data/genes/alphafold/af_output/bz_11_cluster_3_3mer-mg_atp,bz_11_cluster_3_3mer-mg_atp,11,11,"[0.33, 0.31, 0.32, 0.31, 0.31, 0.31, 0.33, 0.3, 0.33, 0.31]","[0.43, 0.37, 0.39, 0.39, 0.39, 0.38, 0.41, 0.38, 0.41, 0.38]",seed-2_sample-1,0.33,0.43,2,3,3
/home/prichter/Documents/banfield/betazoid/data/genes/alphafold/af_output/bz_3_cluster_3_6mer-mg_adp,bz_3_cluster_3_6mer-mg_adp,6,6,"[0.29, 0.26, 0.27, 0.4, 0.26, 0.22, 0.32, 0.23, 0.3, 0.22]","[0.39, 0.36, 0.37, 0.48, 0.36, 0.31, 0.42, 0.32, 0.4, 0.3]",seed-1_sample-4,0.4,0.48,2,6,6
/home/prichter/Documents/banfield/betazoid/data/genes/alphafold/af_output/bz_8_cluster_3_6mer-mg_adp,bz_8_cluster_3_6mer-mg_adp,12,12,"[0.26, 0.26, 0.27, 0.26, 0.26, 0.27, 0.25, 0.24, 0.24, 0.26]","[0.35, 0.35, 0.35, 0.32, 0.34, 0.34, 0.3, 0.3, 0.32, 0.35]",seed-1_sample-1,0.27,0.35,2,6,6
/home/prichter/Documents/banfield/betazoid/data/genes/alphafold/af_output/bz_11_cluster_3_7mer-mg_adp,bz_11_cluster_3_7mer-mg_adp,11,11,"[0.35, 0.36, 0.36, 0.32, 0.35, 0.33, 0.34, 0.36, 0.33, 0.35]","[0.4, 0.41, 0.41, 0.37, 0.41, 0.38, 0.38, 0.42, 0.38, 0.4]",seed-2_sample-0,0.36,0.42,2,7,7
/home/prichter/Documents/banfield/betazoid/data/genes/alphafold/af_output/bz_4_cluster_3_1mer-mg_adp,bz_4_cluster_3_1mer-mg_adp,6,6,"[0.92, 0.92, 0.92, 0.92, 0.92, 0.92, 0.91, 0.92, 0.92, 0.92]","[0.91, 0.91, 0.9, 0.9, 0.92, 0.91, 0.91, 0.91, 0.9, 0.91]",seed-2_sample-3,0.92,0.92,2,1,1
/home/prichter/Documents/banfield/betazoid/data/genes/alphafold/af_output/bz_9_cluster_3_5mer-mg_adp,bz_9_cluster_3_5mer-mg_adp,14,14,"[0.42, 0.41, 0.44, 0.42, 0.41, 0.42, 0.42, 0.42, 0.42, 0.42]","[0.49, 0.49, 0.52, 0.49, 0.49, 0.5, 0.51, 0.5, 0.5, 0.49]",seed-1_sample-1,0.44,0.52,2,5,5
/home/prichter/Documents/banfield/betazoid/data/genes/alphafold/af_output/bz_0_cluster_3_4mer-mg_atp,bz_0_cluster_3_4mer-mg_atp,6,6,"[0.32, 0.36, 0.32, 0.33, 0.34, 0.33, 0.32, 0.35, 0.31, 0.36]","[0.37, 0.42, 0.38, 0.39, 0.39, 0.38, 0.38, 0.41, 0.36, 0.42]",seed-2_sample-4,0.36,0.42,2,4,4
/home/prichter/Documents/banfield/betazoid/data/genes/alphafold/af_output/bz_8_cluster_3_7mer-mg_atp,bz_8_cluster_3_7mer-mg_atp,12,12,"[0.68, 0.69, 0.7, 0.71, 0.72, 0.7, 0.69, 0.68, 0.71, 0.69]","[0.72, 0.73, 0.74, 0.75, 0.75, 0.74, 0.73, 0.72, 0.74, 0.72]",seed-2_sample-3,0.72,0.75,2,7,7
/home/prichter/Documents/banfield/betazoid/data/genes/alphafold/af_output/bz_4_cluster_3_5mer-mg_atp,bz_4_cluster_3_5mer-mg_atp,6,6,"[0.6, 0.64, 0.78, 0.7, 0.68, 0.74, 0.78, 0.62, 0.7, 0.66]","[0.67, 0.7, 0.82, 0.74, 0.73, 0.78, 0.81, 0.68, 0.75, 0.72]",seed-1_sample-1,0.78,0.82,2,5,5
/home/prichter/Documents/banfield/betazoid/data/genes/alphafold/af_output/bz_0_cluster_3_7mer-mg_atp,bz_0_cluster_3_7mer-mg_atp,6,6,"[0.33, 0.32, 0.31, 0.32, 0.31, 0.33, 0.3, 0.31, 0.33, 0.33]","[0.4, 0.38, 0.38, 0.39, 0.37, 0.4, 0.36, 0.38, 0.41, 0.4]",seed-1_sample-3,0.33,0.4,2,7,7
/home/prichter/Documents/banfield/betazoid/data/genes/alphafold/af_output/bz_1_cluster_3_3mer-mg_adp,bz_1_cluster_3_3mer-mg_adp,23,23,"[0.3, 0.31, 0.3, 0.32, 0.31, 0.31, 0.31, 0.32, 0.31, 0.32]","[0.38, 0.38, 0.39, 0.41, 0.4, 0.38, 0.39, 0.39, 0.38, 0.4]",seed-1_sample-4,0.32,0.41,2,3,3
/home/prichter/Documents/banfield/betazoid/data/genes/alphafold/af_output/bz_2_cluster_3_5mer-mg_adp,bz_2_cluster_3_5mer-mg_adp,7,7,"[0.57, 0.55, 0.55, 0.55, 0.57, 0.55, 0.54, 0.54, 0.56, 0.55]","[0.64, 0.62, 0.62, 0.62, 0.64, 0.62, 0.61, 0.62, 0.63, 0.62]",seed-2_sample-1,0.57,0.64,2,5,5
/home/prichter/Documents/banfield/betazoid/data/genes/alphafold/af_output/bz_3_cluster_3_6mer-mg_atp,bz_3_cluster_3_6mer-mg_atp,6,6,"[0.84, 0.82, 0.82, 0.82, 0.83, 0.78, 0.81, 0.82, 0.82, 0.82]","[0.86, 0.84, 0.84, 0.84, 0.85, 0.81, 0.83, 0.84, 0.84, 0.84]",seed-2_sample-1,0.84,0.86,2,6,6
/home/prichter/Documents/banfield/betazoid/data/genes/alphafold/af_output/bz_2_cluster_3_4mer-mg_atp,bz_2_cluster_3_4mer-mg_atp,7,7,"[0.35, 0.37, 0.36, 0.38, 0.37, 0.36, 0.36, 0.36, 0.36, 0.36]","[0.47, 0.47, 0.47, 0.49, 0.47, 0.47, 0.47, 0.48, 0.47, 0.46]",seed-2_sample-4,0.37,0.47,2,4,4
/home/prichter/Documents/banfield/betazoid/data/genes/alphafold/af_output/bz_9_cluster_3_1mer-mg_atp,bz_9_cluster_3_1mer-mg_atp,14,14,"[0.94, 0.94, 0.94, 0.94, 0.94, 0.94, 0.94, 0.94, 0.94, 0.94]","[0.78, 0.77, 0.77, 0.77, 0.77, 0.77, 0.77, 0.77, 0.77, 0.77]",seed-2_sample-4,0.94,0.77,2,1,1
/home/prichter/Documents/banfield/betazoid/data/genes/alphafold/af_output/bz_10_cluster_3_7mer-mg_atp,bz_10_cluster_3_7mer-mg_atp,10,10,"[0.37, 0.38, 0.62, 0.61, 0.41, 0.62, 0.63, 0.4, 0.59, 0.33]","[0.45, 0.45, 0.66, 0.65, 0.47, 0.66, 0.67, 0.47, 0.64, 0.41]",seed-1_sample-2,0.63,0.67,2,7,7
/home/prichter/Documents/banfield/betazoid/data/genes/alphafold/af_output/bz_2_cluster_3_6mer-mg_adp,bz_2_cluster_3_6mer-mg_adp,7,7,"[0.71, 0.8, 0.75, 0.74, 0.76, 0.75, 0.77, 0.75, 0.78, 0.73]","[0.75, 0.83, 0.78, 0.77, 0.79, 0.78, 0.79, 0.78, 0.81, 0.77]",seed-2_sample-4,0.8,0.83,2,6,6
/home/prichter/Documents/banfield/betazoid/data/genes/alphafold/af_output/bz_10_cluster_3_6mer-mg_adp,bz_10_cluster_3_6mer-mg_adp,10,10,"[0.74, 0.73, 0.76, 0.72, 0.74, 0.73, 0.73, 0.76, 0.71, 0.72]","[0.77, 0.77, 0.79, 0.76, 0.78, 0.76, 0.76, 0.79, 0.74, 0.75]",seed-1_sample-1,0.76,0.79,2,6,6
/home/prichter/Documents/banfield/betazoid/data/genes/alphafold/af_output/bz_0_cluster_3_2mer-mg_atp,bz_0_cluster_3_2mer-mg_atp,6,6,"[0.46, 0.46, 0.45, 0.44, 0.44, 0.46, 0.44, 0.46, 0.45, 0.46]","[0.54, 0.53, 0.52, 0.51, 0.51, 0.54, 0.52, 0.54, 0.54, 0.54]",seed-1_sample-3,0.46,0.54,2,2,2
/home/prichter/Documents/banfield/betazoid/data/genes/alphafold/af_output/bz_3_cluster_3_3mer-mg_adp,bz_3_cluster_3_3mer-mg_adp,6,6,"[0.4, 0.36, 0.34, 0.34, 0.37, 0.34, 0.34, 0.4, 0.33, 0.36]","[0.46, 0.42, 0.39, 0.4, 0.44, 0.39, 0.4, 0.47, 0.37, 0.41]",seed-2_sample-0,0.4,0.47,2,3,3
/home/prichter/Documents/banfield/betazoid/data/genes/alphafold/af_output/bz_8_cluster_3_7mer-mg_adp,bz_8_cluster_3_7mer-mg_adp,12,12,"[0.27, 0.24, 0.28, 0.29, 0.24, 0.24, 0.28, 0.24, 0.24, 0.24]","[0.35, 0.32, 0.36, 0.37, 0.3, 0.31, 0.37, 0.32, 0.31, 0.3]",seed-1_sample-4,0.29,0.37,2,7,7
/home/prichter/Documents/banfield/betazoid/data/genes/alphafold/af_output/bz_10_cluster_3_4mer-mg_adp,bz_10_cluster_3_4mer-mg_adp,10,10,"[0.26, 0.27, 0.25, 0.24, 0.25, 0.25, 0.25, 0.27, 0.28, 0.23]","[0.35, 0.36, 0.34, 0.33, 0.35, 0.34, 0.34, 0.36, 0.38, 0.33]",seed-1_sample-0,0.28,0.38,2,4,4
/home/prichter/Documents/banfield/betazoid/data/genes/alphafold/af_output/bz_7_cluster_3_2mer-mg_atp,bz_7_cluster_3_2mer-mg_atp,11,11,"[0.56, 0.57, 0.67, 0.74, 0.62, 0.72, 0.73, 0.61, 0.42, 0.62]","[0.72, 0.72, 0.78, 0.82, 0.75, 0.81, 0.81, 0.74, 0.52, 0.75]",seed-1_sample-4,0.74,0.82,2,2,2
/home/prichter/Documents/banfield/betazoid/data/genes/alphafold/af_output/bz_0_cluster_3_3mer-mg_atp,bz_0_cluster_3_3mer-mg_atp,6,6,"[0.43, 0.34, 0.34, 0.34, 0.35, 0.34, 0.37, 0.35, 0.34, 0.36]","[0.51, 0.4, 0.42, 0.4, 0.41, 0.41, 0.45, 0.41, 0.4, 0.42]",seed-2_sample-1,0.43,0.51,2,3,3
/home/prichter/Documents/banfield/betazoid/data/genes/alphafold/af_output/bz_0_cluster_3_6mer-mg_adp,bz_0_cluster_3_6mer-mg_adp,6,6,"[0.39, 0.39, 0.4, 0.41, 0.39, 0.41, 0.42, 0.36, 0.41, 0.4]","[0.45, 0.46, 0.48, 0.49, 0.45, 0.48, 0.49, 0.42, 0.49, 0.46]",seed-1_sample-4,0.41,0.49,2,6,6
/home/prichter/Documents/banfield/betazoid/data/genes/alphafold/af_output/bz_5_cluster_3_6mer-mg_atp,bz_5_cluster_3_6mer-mg_atp,11,11,"[0.72, 0.7, 0.76, 0.74, 0.71, 0.7, 0.69, 0.68, 0.72, 0.7]","[0.75, 0.73, 0.79, 0.77, 0.75, 0.74, 0.73, 0.72, 0.76, 0.74]",seed-1_sample-1,0.76,0.79,2,6,6
/home/prichter/Documents/banfield/betazoid/data/genes/alphafold/af_output/bz_1_cluster_3_5mer-mg_atp,bz_1_cluster_3_5mer-mg_atp,23,23,"[0.46, 0.47, 0.47, 0.47, 0.46, 0.6, 0.48, 0.47, 0.46, 0.48]","[0.55, 0.55, 0.56, 0.56, 0.55, 0.66, 0.56, 0.55, 0.55, 0.56]",seed-1_sample-3,0.6,0.66,2,5,5
/home/prichter/Documents/banfield/betazoid/data/genes/alphafold/af_output/bz_1_cluster_3_1mer-mg_adp,bz_1_cluster_3_1mer-mg_adp,23,23,"[0.96, 0.96, 0.96, 0.96, 0.96, 0.96, 0.96, 0.96, 0.96, 0.96]","[0.91, 0.91, 0.89, 0.89, 0.91, 0.9, 0.9, 0.91, 0.89, 0.91]",seed-2_sample-2,0.96,0.91,2,1,1
/home/prichter/Documents/banfield/betazoid/data/genes/alphafold/af_output/bz_10_cluster_3_3mer-mg_atp,bz_10_cluster_3_3mer-mg_atp,10,10,"[0.79, 0.77, 0.78, 0.78, 0.78, 0.79, 0.78, 0.78, 0.78, 0.77]","[0.84, 0.82, 0.83, 0.82, 0.83, 0.83, 0.83, 0.83, 0.83, 0.82]",seed-2_sample-1,0.79,0.84,2,3,3
/home/prichter/Documents/banfield/betazoid/data/genes/alphafold/af_output/bz_1_cluster_3_8mer-mg_atp,bz_1_cluster_3_8mer-mg_atp,23,23,"[0.42, 0.41, 0.4, 0.4, 0.39, 0.41, 0.4, 0.39, 0.4, 0.38]","[0.48, 0.47, 0.46, 0.46, 0.46, 0.47, 0.46, 0.46, 0.46, 0.44]",seed-2_sample-1,0.42,0.48,2,8,8
/home/prichter/Documents/banfield/betazoid/data/genes/alphafold/af_output/bz_3_cluster_3_3mer-mg_atp,bz_3_cluster_3_3mer-mg_atp,6,6,"[0.37, 0.41, 0.45, 0.36, 0.39, 0.35, 0.34, 0.32, 0.34, 0.36]","[0.44, 0.48, 0.53, 0.41, 0.46, 0.41, 0.4, 0.4, 0.39, 0.43]",seed-2_sample-4,0.41,0.48,2,3,3
/home/prichter/Documents/banfield/betazoid/data/genes/alphafold/af_output/bz_8_cluster_3_2mer-mg_atp,bz_8_cluster_3_2mer-mg_atp,12,12,"[0.59, 0.6, 0.53, 0.52, 0.58, 0.51, 0.52, 0.55, 0.49, 0.56]","[0.74, 0.74, 0.7, 0.7, 0.73, 0.69, 0.7, 0.72, 0.69, 0.72]",seed-2_sample-4,0.6,0.74,2,2,2
/home/prichter/Documents/banfield/betazoid/data/genes/alphafold/af_output/bz_9_cluster_3_7mer-mg_atp,bz_9_cluster_3_7mer-mg_atp,14,14,"[0.67, 0.64, 0.67, 0.67, 0.65, 0.67, 0.73, 0.67, 0.7, 0.68]","[0.7, 0.68, 0.7, 0.7, 0.69, 0.7, 0.76, 0.7, 0.73, 0.71]",seed-1_sample-2,0.73,0.76,2,7,7
/home/prichter/Documents/banfield/betazoid/data/genes/alphafold/af_output/bz_5_cluster_3_2mer-mg_atp,bz_5_cluster_3_2mer-mg_atp,11,11,"[0.39, 0.41, 0.52, 0.52, 0.47, 0.54, 0.53, 0.46, 0.51, 0.47]","[0.51, 0.62, 0.63, 0.62, 0.63, 0.64, 0.62, 0.64, 0.63, 0.63]",seed-1_sample-3,0.54,0.64,2,2,2
/home/prichter/Documents/banfield/betazoid/data/genes/alphafold/af_output/bz_9_cluster_3_2mer-mg_atp,bz_9_cluster_3_2mer-mg_atp,14,14,"[0.57, 0.44, 0.54, 0.53, 0.57, 0.58, 0.55, 0.58, 0.61, 0.53]","[0.64, 0.51, 0.62, 0.61, 0.64, 0.65, 0.62, 0.66, 0.68, 0.61]",seed-1_sample-0,0.61,0.68,2,2,2
/home/prichter/Documents/banfield/betazoid/data/genes/alphafold/af_output/bz_7_cluster_3_8mer-mg_atp,bz_7_cluster_3_8mer-mg_atp,11,11,"[0.29, 0.3, 0.44, 0.47, 0.3, 0.48, 0.48, 0.3, 0.47, 0.3]","[0.36, 0.37, 0.5, 0.53, 0.37, 0.53, 0.52, 0.37, 0.52, 0.37]",seed-1_sample-3,0.48,0.53,2,8,8
/home/prichter/Documents/banfield/betazoid/data/genes/alphafold/af_output/bz_8_cluster_3_3mer-mg_adp,bz_8_cluster_3_3mer-mg_adp,12,12,"[0.34, 0.32, 0.28, 0.31, 0.32, 0.32, 0.3, 0.35, 0.34, 0.31]","[0.46, 0.45, 0.38, 0.41, 0.45, 0.45, 0.4, 0.46, 0.45, 0.44]",seed-2_sample-0,0.35,0.46,2,3,3
/home/prichter/Documents/banfield/betazoid/data/genes/alphafold/af_output/bz_9_cluster_3_4mer-mg_atp,bz_9_cluster_3_4mer-mg_atp,14,14,"[0.36, 0.36, 0.56, 0.4, 0.36, 0.51, 0.55, 0.36, 0.51, 0.37]","[0.43, 0.43, 0.65, 0.47, 0.42, 0.61, 0.64, 0.43, 0.61, 0.44]",seed-1_sample-1,0.56,0.65,2,4,4
/home/prichter/Documents/banfield/betazoid/data/genes/alphafold/af_output/bz_8_cluster_3_4mer-mg_atp,bz_8_cluster_3_4mer-mg_atp,12,12,"[0.45, 0.24, 0.27, 0.3, 0.28, 0.38, 0.29, 0.27, 0.29, 0.27]","[0.56, 0.33, 0.39, 0.42, 0.42, 0.5, 0.41, 0.41, 0.44, 0.38]",seed-2_sample-1,0.45,0.56,2,4,4
